season,round,race_name,circuit,driver_join_id,pit_lap,stop_number,pit_stop_time_s,constructor,under_safety_car,race_has_safety_car,race_safety_car_lap_share,race_q95_stop,abnormal_stop_proxy,very_short_stop_proxy,plot_group,constructor_n,circuit_n,pred_simple,pred_adjusted,residual_simple,residual_adjusted
2021,6,Azerbaijan Grand Prix,Baku City Circuit,alonso,48,4,2.014526,alpine,0,0,0,2.0385726,0,0,Used in model: normal green-flag stop,249,88,1.2491309918344828,2.0586151785694113,0.7653950081655172,-0.0440891785694113
2021,6,Azerbaijan Grand Prix,Baku City Circuit,bottas,48,3,2.035229,mercedes,0,0,0,2.0385726,0,0,Used in model: normal green-flag stop,278,88,1.474223042202346,2.1433948693598524,0.5610059577976543,-0.10816586935985217
2021,6,Azerbaijan Grand Prix,Baku City Circuit,gasly,48,3,2.00183,alphatauri,0,0,0,2.0385726,0,0,Used in model: normal green-flag stop,202,88,1.3386922787152717,1.9870424081866105,0.6631377212847283,0.014787591813389511
2021,6,Azerbaijan Grand Prix,Baku City Circuit,giovinazzi,48,4,2.017324,alfa,0,0,0,2.0385726,0,0,Used in model: normal green-flag stop,194,88,2.1656356297804598,1.7514275016366838,-0.14831162978045986,0.2658964983633161
2021,6,Azerbaijan Grand Prix,Baku City Circuit,hamilton,48,3,2.000923,mercedes,0,0,0,2.0385726,0,0,Used in model: normal green-flag stop,278,88,1.474223042202346,2.1433948693598524,0.5266999577976539,-0.14247186935985257
2021,6,Azerbaijan Grand Prix,Baku City Circuit,leclerc,48,3,2.002544,ferrari,0,0,0,2.0385726,0,0,Used in model: normal green-flag stop,259,88,2.142517378804544,2.273594797466089,-0.13997337880454408,-0.27105079746608896
2021,6,Azerbaijan Grand Prix,Baku City Circuit,mazepin,47,5,1.828965,haas,0,0,0,2.0385726,0,0,Used in model: normal green-flag stop,272,88,2.218129447067303,3.0485490214380064,-0.389164447067303,-1.2195840214380065
2021,6,Azerbaijan Grand Prix,Baku City Circuit,mickschumacher,48,5,2.014176,haas,0,0,0,2.0385726,0,0,Used in model: normal green-flag stop,272,88,2.218129447067303,1.3599938506997091,-0.203953447067303,0.6541821493002908
2021,6,Azerbaijan Grand Prix,Baku City Circuit,norris,48,3,2.010409,mclaren,0,0,0,2.0385726,0,0,Used in model: normal green-flag stop,270,88,1.592062191581182,1.8135189692078342,0.4183468084188182,0.19689003079216594
2021,6,Azerbaijan Grand Prix,Baku City Circuit,perez,48,3,1.9984659999999999,red_bull,0,0,0,2.0385726,0,0,Used in model: normal green-flag stop,292,88,3.0942823253868035,2.1735601622862077,-1.0958163253868036,-0.1750941622862079
2021,6,Azerbaijan Grand Prix,Baku City Circuit,raikkonen,48,3,2.016437,alfa,0,0,0,2.0385726,0,0,Used in model: normal green-flag stop,194,88,2.1656356297804598,1.9113017596346396,-0.14919862978045995,0.10513524036536026
2021,6,Azerbaijan Grand Prix,Baku City Circuit,ricciardo,48,3,2.015163,mclaren,0,0,0,2.0385726,0,0,Used in model: normal green-flag stop,270,88,1.592062191581182,1.8135189692078342,0.4231008084188179,0.20164403079216564
2021,6,Azerbaijan Grand Prix,Baku City Circuit,russell,48,4,2.036172,williams,0,0,0,2.0385726,0,0,Used in model: normal green-flag stop,271,88,3.530523700896777,1.1582521141346689,-1.494351700896777,0.8779198858653312
2021,6,Azerbaijan Grand Prix,Baku City Circuit,sainz,48,3,2.012724,ferrari,0,0,0,2.0385726,0,0,Used in model: normal green-flag stop,259,88,2.142517378804544,2.273594797466089,-0.129793378804544,-0.2608707974660889
2021,6,Azerbaijan Grand Prix,Baku City Circuit,tsunoda,48,3,2.003526,alphatauri,0,0,0,2.0385726,0,0,Used in model: normal green-flag stop,202,88,1.3386922787152717,1.9870424081866105,0.6648337212847282,0.01648359181338943
2021,6,Azerbaijan Grand Prix,Baku City Circuit,vettel,48,3,2.000416,aston_martin,0,0,0,2.0385726,0,0,Used in model: normal green-flag stop,271,88,2.2723730455797324,2.112028323159251,-0.27195704557973244,-0.11161232315925096
2021,10,British Grand Prix,Silverstone Circuit,alonso,2,1,2.05858,alpine,0,0,0,2.0769957,0,0,Used in model: normal green-flag stop,249,87,1.338243545311473,2.312211703391739,0.7203364546885271,-0.253631703391739
2021,10,British Grand Prix,Silverstone Circuit,bottas,2,1,2.049149,mercedes,0,0,0,2.0769957,0,0,Used in model: normal green-flag stop,278,87,1.563335595679336,2.2371171361842244,0.4858134043206639,-0.18796813618422448
2021,10,British Grand Prix,Silverstone Circuit,gasly,2,1,2.067244,alphatauri,0,0,0,2.0769957,0,0,Used in model: normal green-flag stop,202,87,1.4278048321922618,2.0807646750109825,0.6394391678077382,-0.01352067501098242
2021,10,British Grand Prix,Silverstone Circuit,giovinazzi,2,1,2.07025,alfa,0,0,0,2.0769957,0,0,Used in model: normal green-flag stop,194,87,2.25474818325745,2.0050240264590116,-0.1844981832574497,0.06522597354098858
2021,10,British Grand Prix,Silverstone Circuit,hamilton,2,1,2.048376,mercedes,0,0,0,2.0769957,0,0,Used in model: normal green-flag stop,278,87,1.563335595679336,2.2371171361842244,0.4850404043206642,-0.18874113618422417
2021,10,British Grand Prix,Silverstone Circuit,leclerc,2,1,2.047731,ferrari,0,0,0,2.0769957,0,0,Used in model: normal green-flag stop,259,87,2.231629932281534,2.367317064290461,-0.18389893228153387,-0.31958606429046066
2021,10,British Grand Prix,Silverstone Circuit,mazepin,2,1,2.076977,haas,0,0,0,2.0769957,0,0,Used in model: normal green-flag stop,272,87,2.307242000544293,1.6121880346134532,-0.23026500054429322,0.4647889653865467
2021,10,British Grand Prix,Silverstone Circuit,mickschumacher,2,1,2.0757280000000002,haas,0,0,0,2.0769957,0,0,Used in model: normal green-flag stop,272,87,2.307242000544293,1.6121880346134532,-0.23151400054429283,0.46353996538654707
2021,10,British Grand Prix,Silverstone Circuit,norris,2,1,2.052218,mclaren,0,0,0,2.0769957,0,0,Used in model: normal green-flag stop,270,87,1.681174745058172,1.907241236032192,0.3710432549418279,0.1449767639678079
2021,10,British Grand Prix,Silverstone Circuit,ocon,2,1,2.066994,alpine,0,0,0,2.0769957,0,0,Used in model: normal green-flag stop,249,87,1.338243545311473,2.312211703391739,0.7287504546885273,-0.24521770339173887
2021,10,British Grand Prix,Silverstone Circuit,perez,2,1,2.0764050000000003,red_bull,0,0,0,2.0769957,0,0,Used in model: normal green-flag stop,292,87,3.1833948788637936,2.2672824291105655,-1.1069898788637933,-0.19087742911056527
2021,10,British Grand Prix,Silverstone Circuit,raikkonen,2,1,2.0629839999999997,alfa,0,0,0,2.0769957,0,0,Used in model: normal green-flag stop,194,87,2.25474818325745,2.0050240264590116,-0.19176418325745015,0.05795997354098814
2021,10,British Grand Prix,Silverstone Circuit,ricciardo,2,1,2.051281,mclaren,0,0,0,2.0769957,0,0,Used in model: normal green-flag stop,270,87,1.681174745058172,1.907241236032192,0.3701062549418279,0.14403976396780793
2021,10,British Grand Prix,Silverstone Circuit,russell,2,1,2.072543,williams,0,0,0,2.0769957,0,0,Used in model: normal green-flag stop,271,87,3.6196362543737672,1.4118486389569966,-1.5470932543737672,0.6606943610430034
2021,10,British Grand Prix,Silverstone Circuit,sainz,2,1,2.059122,ferrari,0,0,0,2.0769957,0,0,Used in model: normal green-flag stop,259,87,2.231629932281534,2.367317064290461,-0.17250793228153416,-0.30819506429046095
2021,10,British Grand Prix,Silverstone Circuit,stroll,2,1,2.0678609999999997,aston_martin,0,0,0,2.0769957,0,0,Used in model: normal green-flag stop,271,87,2.3614855990567225,2.205750589983623,-0.2936245990567228,-0.13788958998362322
2021,10,British Grand Prix,Silverstone Circuit,tsunoda,2,1,2.075695,alphatauri,0,0,0,2.0769957,0,0,Used in model: normal green-flag stop,202,87,1.4278048321922618,2.0807646750109825,0.6478901678077382,-0.005069675010982433
2021,10,British Grand Prix,Silverstone Circuit,vettel,2,1,2.055222,aston_martin,0,0,0,2.0769957,0,0,Used in model: normal green-flag stop,271,87,2.3614855990567225,2.205750589983623,-0.3062635990567224,-0.15052858998362284
2022,15,Dutch Grand Prix,Circuit Park Zandvoort,albon,56,4,14.114,williams,0,1,0.1853448275862069,24.485350000000004,0,0,Used in model: normal green-flag stop,271,144,9.325010014909818,14.175515337780027,4.788989985090183,-0.06151533778002616
2022,15,Dutch Grand Prix,Circuit Park Zandvoort,gasly,57,4,13.973,alphatauri,0,1,0.1853448275862069,24.485350000000004,0,0,Used in model: normal green-flag stop,202,144,7.133178592728313,13.155876203095715,6.839821407271688,0.8171237969042853
2022,15,Dutch Grand Prix,Circuit Park Zandvoort,hamilton,57,3,14.155,mercedes,0,1,0.1853448275862069,24.485350000000004,0,0,Used in model: normal green-flag stop,278,144,7.268709356215387,13.472102922266913,6.886290643784612,0.6828970777330863
2022,15,Dutch Grand Prix,Circuit Park Zandvoort,kevinmagnussen,56,4,14.175,haas,0,1,0.1853448275862069,24.485350000000004,0,0,Used in model: normal green-flag stop,272,144,8.012615761080344,14.375854733436483,6.162384238919657,-0.20085473343648275
2022,15,Dutch Grand Prix,Circuit Park Zandvoort,latifi,55,4,14.459,williams,0,1,0.1853448275862069,24.485350000000004,0,0,Used in model: normal green-flag stop,271,144,9.325010014909818,15.864070508518324,5.133989985090182,-1.4050705085183246
2022,15,Dutch Grand Prix,Circuit Park Zandvoort,leclerc,57,4,14.008,ferrari,0,1,0.1853448275862069,24.485350000000004,0,0,Used in model: normal green-flag stop,259,144,7.937003692817585,13.442428592375194,6.070996307182414,0.5655714076248053
2022,15,Dutch Grand Prix,Circuit Park Zandvoort,maxverstappen,57,4,14.113,red_bull,0,1,0.1853448275862069,24.485350000000004,0,0,Used in model: normal green-flag stop,292,144,8.888768639399844,13.342393957195299,5.224231360600156,0.770606042804701
2022,15,Dutch Grand Prix,Circuit Park Zandvoort,mickschumacher,56,4,14.144,haas,0,1,0.1853448275862069,24.485350000000004,0,0,Used in model: normal green-flag stop,272,144,8.012615761080344,14.375854733436483,6.131384238919656,-0.23185473343648333
2022,15,Dutch Grand Prix,Circuit Park Zandvoort,ocon,57,3,14.041,alpine,0,1,0.1853448275862069,24.485350000000004,0,0,Used in model: normal green-flag stop,249,144,7.043617305847524,13.547197489474428,6.997382694152476,0.49380251052557256
2022,15,Dutch Grand Prix,Circuit Park Zandvoort,perez,57,4,14.113,red_bull,0,1,0.1853448275862069,24.485350000000004,0,0,Used in model: normal green-flag stop,292,144,8.888768639399844,13.342393957195299,5.224231360600156,0.770606042804701
2022,15,Dutch Grand Prix,Circuit Park Zandvoort,ricciardo,56,5,14.493,mclaren,0,1,0.1853448275862069,24.485350000000004,0,0,Used in model: normal green-flag stop,270,144,7.386548505594223,14.672310275763806,7.1064514944057775,-0.17931027576380565
2022,15,Dutch Grand Prix,Circuit Park Zandvoort,stroll,57,4,14.118,aston_martin,0,1,0.1853448275862069,24.485350000000004,0,0,Used in model: normal green-flag stop,271,144,8.066859359592774,13.280862118068356,6.051140640407226,0.8371378819316444
2022,15,Dutch Grand Prix,Circuit Park Zandvoort,vettel,56,4,14.349,aston_martin,0,1,0.1853448275862069,24.485350000000004,0,0,Used in model: normal green-flag stop,271,144,8.066859359592774,14.969417288806653,6.282140640407226,-0.620417288806653
2022,15,Dutch Grand Prix,Circuit Park Zandvoort,zhou,56,4,14.128,alfa,0,1,0.1853448275862069,24.485350000000004,0,0,Used in model: normal green-flag stop,194,144,7.960121943793501,14.768690725282042,6.167878056206499,-0.6406907252820417
2023,3,Australian Grand Prix,Albert Park Grand Prix Circuit,alonso,57,3,1.8450730000000002,aston_martin,0,0,0,1.8700243000000003,0,0,Used in model: normal green-flag stop,271,70,1.9423756589678671,2.0849327296869404,-0.09730265896786694,-0.23985972968694025
2023,3,Australian Grand Prix,Albert Park Grand Prix Circuit,bottas,57,6,1.8671820000000001,alfa,0,0,0,1.8700243000000003,0,0,Used in model: normal green-flag stop,194,70,1.8356382431685945,1.3162811813414095,0.031543756831405645,0.5509008186585906
2023,3,Australian Grand Prix,Albert Park Grand Prix Circuit,hamilton,57,3,1.859435,mercedes,0,0,0,1.8700243000000003,0,0,Used in model: normal green-flag stop,278,70,1.1442256555904806,2.116299275887542,0.7152093444095193,-0.2568642758875419
2023,3,Australian Grand Prix,Albert Park Grand Prix Circuit,hulkenberg,57,3,1.8690550000000001,haas,0,0,0,1.8700243000000003,0,0,Used in model: normal green-flag stop,272,70,1.8881320604554375,1.4913701743167707,-0.019077060455437334,0.3776848256832295
2023,3,Australian Grand Prix,Albert Park Grand Prix Circuit,maxverstappen,57,3,1.8565019999999999,red_bull,0,0,0,1.8700243000000003,0,0,Used in model: normal green-flag stop,292,70,2.7642849387749377,2.146464568813883,-0.9077829387749379,-0.28996256881388316
2023,3,Australian Grand Prix,Albert Park Grand Prix Circuit,norris,57,3,1.864087,mclaren,0,0,0,1.8700243000000003,0,0,Used in model: normal green-flag stop,270,70,1.2620648049693166,1.7864233757355095,0.6020221950306834,0.07766362426449058
2023,3,Australian Grand Prix,Albert Park Grand Prix Circuit,perez,57,5,1.8535679999999999,red_bull,0,0,0,1.8700243000000003,0,0,Used in model: normal green-flag stop,292,70,2.7642849387749377,1.987992651724511,-0.9107169387749379,-0.13442465172451112
2023,3,Australian Grand Prix,Albert Park Grand Prix Circuit,piastri,57,4,1.8662260000000002,mclaren,0,0,0,1.8700243000000003,0,0,Used in model: normal green-flag stop,270,70,1.2620648049693166,1.6265491177375537,0.6041611950306836,0.23967688226244643
2023,3,Australian Grand Prix,Albert Park Grand Prix Circuit,sainz,57,4,1.8615540000000002,ferrari,0,0,0,1.8700243000000003,0,0,Used in model: normal green-flag stop,259,70,1.8125199921926785,2.0866249459958226,0.0490340078073217,-0.22507094599582245
2023,3,Australian Grand Prix,Albert Park Grand Prix Circuit,stroll,57,3,1.845925,aston_martin,0,0,0,1.8700243000000003,0,0,Used in model: normal green-flag stop,271,70,1.9423756589678671,2.0849327296869404,-0.09645065896786709,-0.2390077296869404
2023,3,Australian Grand Prix,Albert Park Grand Prix Circuit,zhou,57,5,1.8649980000000002,alfa,0,0,0,1.8700243000000003,0,0,Used in model: normal green-flag stop,194,70,1.8356382431685945,1.725734249072957,0.02935975683140568,0.13926375092704313
2023,13,Dutch Grand Prix,Circuit Park Zandvoort,albon,63,3,2.443475,williams,0,0,0,2.465966,0,0,Used in model: normal green-flag stop,271,144,9.325010014909818,2.5155034006099015,-6.881535014909819,-0.07202840060990168
2023,13,Dutch Grand Prix,Circuit Park Zandvoort,alonso,64,5,2.455302,aston_martin,0,0,0,2.465966,0,0,Used in model: normal green-flag stop,271,144,8.066859359592774,1.4623782638088585,-5.611557359592775,0.9929237361911416
2023,13,Dutch Grand Prix,Circuit Park Zandvoort,bottas,63,4,2.4051129999999996,alfa,0,0,0,2.465966,0,0,Used in model: normal green-flag stop,194,144,7.960121943793501,2.9488045301139607,-5.555008943793501,-0.5436915301139611
2023,13,Dutch Grand Prix,Circuit Park Zandvoort,gasly,64,5,2.4431689999999997,alpine,0,0,0,2.465966,0,0,Used in model: normal green-flag stop,249,144,7.043617305847524,1.5688393772169746,-4.600448305847525,0.8743296227830251
2023,13,Dutch Grand Prix,Circuit Park Zandvoort,hamilton,64,5,2.431108,mercedes,0,0,0,2.465966,0,0,Used in model: normal green-flag stop,278,144,7.268709356215387,1.49374481000946,-4.837601356215387,0.9373631899905401
2023,13,Dutch Grand Prix,Circuit Park Zandvoort,hulkenberg,63,4,2.410704,haas,0,0,0,2.465966,0,0,Used in model: normal green-flag stop,272,144,8.012615761080344,2.5559685382684023,-5.601911761080344,-0.14526453826840235
2023,13,Dutch Grand Prix,Circuit Park Zandvoort,kevinmagnussen,63,5,2.394733,haas,0,0,0,2.465966,0,0,Used in model: normal green-flag stop,272,144,8.012615761080344,2.557370879176986,-5.6178827610803435,-0.16263787917698602
2023,13,Dutch Grand Prix,Circuit Park Zandvoort,lawson,63,6,2.3963400000000004,alphatauri,0,0,0,2.465966,0,0,Used in model: normal green-flag stop,202,144,7.133178592728313,2.616494451842968,-4.736838592728312,-0.22015445184296745
2023,13,Dutch Grand Prix,Circuit Park Zandvoort,norris,63,5,2.443212,mclaren,0,0,0,2.465966,0,0,Used in model: normal green-flag stop,270,144,7.386548505594223,2.852424080595725,-4.943336505594223,-0.4092120805957249
2023,13,Dutch Grand Prix,Circuit Park Zandvoort,ocon,63,5,2.432201,alpine,0,0,0,2.465966,0,0,Used in model: normal green-flag stop,249,144,7.043617305847524,3.257394547955272,-4.611416305847524,-0.8251935479552719
2023,13,Dutch Grand Prix,Circuit Park Zandvoort,perez,63,5,2.461612,red_bull,0,0,0,2.465966,0,0,Used in model: normal green-flag stop,292,144,8.888768639399844,3.2124652736740984,-6.427156639399843,-0.7508532736740983
2023,13,Dutch Grand Prix,Circuit Park Zandvoort,piastri,63,4,2.434653,mclaren,0,0,0,2.465966,0,0,Used in model: normal green-flag stop,270,144,7.386548505594223,2.851021739687141,-4.951895505594223,-0.41636873968714117
2023,13,Dutch Grand Prix,Circuit Park Zandvoort,russell,63,5,2.446251,mercedes,0,0,0,2.465966,0,0,Used in model: normal green-flag stop,278,144,7.268709356215387,3.182299980747757,-4.822458356215387,-0.736048980747757
2023,13,Dutch Grand Prix,Circuit Park Zandvoort,sainz,64,5,2.4431469999999997,ferrari,0,0,0,2.465966,0,0,Used in model: normal green-flag stop,259,144,7.937003692817585,1.6239447381156964,-5.493856692817586,0.8192022618843033
2023,13,Dutch Grand Prix,Circuit Park Zandvoort,stroll,63,6,2.4107339999999997,aston_martin,0,0,0,2.465966,0,0,Used in model: normal green-flag stop,271,144,8.066859359592774,2.7414803668156082,-5.6561253595927745,-0.33074636681560854
2023,13,Dutch Grand Prix,Circuit Park Zandvoort,tsunoda,63,4,2.414895,alphatauri,0,0,0,2.465966,0,0,Used in model: normal green-flag stop,202,144,7.133178592728313,3.0245451786659316,-4.718283592728312,-0.6096501786659316
